x,y,class
3.6093136018435104,1.7436014993717401,0.0
4.630544635514377,0.25575444745942105,0.0
4.384682084370873,-2.827245106517043,0.0
-4.348710299823946,2.829228878129907,0.0
-5.2241238653475595,1.0664841744702471,0.0
3.021379234203922,-4.5549237859112965,0.0
-3.054710280089777,-2.516093330296172,0.0
-3.2423274480913675,-2.679068155298101,0.0
-1.4084473102811788,4.672257552529622,0.0
2.1388552670179117,-3.833378761913018,0.0
2.05591411313312,3.652055724966075,0.0
4.987953521548493,1.7115824553302166,0.0
2.028588166902989,5.175025389461529,0.0
-0.5174917360187072,5.444752582488926,0.0
-1.2317844136276608,5.532245645397314,0.0
-2.555222231852201,-4.628606993384699,0.0
1.0826805314422816,5.445374670047973,0.0
-1.973111922854732,-3.9985171245694864,0.0
5.048956933970561,3.1950707978995125,0.0
2.657674836976133,3.543289174166252,0.0
-4.404931968672006,-0.22579467646059004,0.0
3.9909801430328877,-2.190182996528145,0.0
3.841188571327308,-4.605950210873125,0.0
5.901689387336447,-1.2013377125303866,0.0
-3.22619112767671,-4.5302477868848445,0.0
-2.29991358062558,-4.733658404500982,0.0
-3.5425078717610563,-3.615821346155106,0.0
-4.184218623008533,-4.119171413623592,0.0
3.2661700091411383,4.334998961930737,0.0
-5.6794057098768285,-1.6076242587864837,0.0
-3.496151610035948,3.108919206002584,0.0
-4.367809259556839,1.6358188140901302,0.0
-5.672761249391461,-0.8586751631143705,0.0
3.056383740430973,3.1375587701853798,0.0
-3.726164049855735,4.545196087271143,0.0
4.626412910135402,1.9509863091864694,0.0
5.8245479471289086,-0.8716822187515121,0.0
3.585333024493085,3.168479209948016,0.0
-0.34739427357231295,5.33276794366925,0.0
3.8095117090240014,-3.195149056634345,0.0
-5.291665337835671,0.5028427203781933,0.0
3.2856438275497797,3.7182172315602378,0.0
-4.420031589447566,3.918409619242811,0.0
3.9960111066811606,3.5582912318673596,0.0
1.3585923504505428,4.3173612934815315,0.0
5.518270053877572,1.8798373804486752,0.0
-4.271900939633889,1.641326803765012,0.0
1.6680060291859204,-4.44187798801348,0.0
-3.549961271478332,-2.146220088547314,0.0
-4.518783081663652,-3.609858638997031,0.0
1.4409792083858746,4.3505546011741,0.0
-2.4590728782370044,3.7636881847117722,0.0
3.3043479426039313,-4.787355531191629,0.0
4.769704529410595,2.8637230956578854,0.0
2.647808119002393,-3.3468851347138076,0.0
-5.529150298647569,0.6420167888340378,0.0
3.0069151284240374,-4.903436259869468,0.0
-1.6861375673574397,3.8258083044673326,0.0
-2.975549370142964,4.8195416743500825,0.0
0.08621178558075054,-5.0118493450551505,0.0
1.1063926625191243,-5.113964661201865,0.0
0.7075039917789464,4.938533483157575,0.0
5.296062801160632,-0.9637297710109307,0.0
3.453282841485664,2.046136351874019,0.0
4.999490174925822,2.460311510421012,0.0
-3.232031332046157,-2.374929477701646,0.0
-0.8563417869821353,-4.86227618769393,0.0
4.1564141063632825,-1.11726515522241,0.0
-4.679170490995823,3.1819974897265606,0.0
4.561587734866169,0.6721050513095201,0.0
-3.9567247814567863,-2.9621775322600654,0.0
-1.1918624890616258,4.609688052522823,0.0
-5.0063455561564965,2.2985230974587374,0.0
-4.933556998593683,0.42031262552445436,0.0
5.070360456709474,2.180373603547073,0.0
-4.148158138094856,0.3580366585262042,0.0
-3.949390863426168,1.9493044300731468,0.0
-1.1872605774082496,-4.953355914023404,0.0
-3.526541894618904,-4.674296095021207,0.0
1.6353640791008968,3.8488732265716057,0.0
1.1074882395152523,3.9936310741549104,0.0
0.06161496266908345,4.272311596472544,0.0
2.3243770540917774,4.749171513188579,0.0
-2.6127218024121133,-3.9603575114939003,0.0
5.74555113945953,-0.26881037009718567,0.0
-2.366590194062938,-3.48296522589758,0.0
-3.5417019422820797,-2.7176015139581273,0.0
-3.8412032653058463,2.4914073076567878,0.0
-2.0924598997433854,4.816434889322442,0.0
4.576243388201652,-2.875850859351526,0.0
4.082393921452724,-0.8602373697185915,0.0
-5.909744384006316,0.07590432911475273,0.0
-1.1882892626029535,4.5681962122987025,0.0
0.6457280490562388,-5.442050353723245,0.0
3.3812177758779494,3.7197663270821812,0.0
0.4863429605975541,-4.469477190260546,0.0
2.3539463701805112,-5.239355602256279,0.0
4.015252197587392,4.02669318629177,0.0
4.693305999224182,-0.72023904931935,0.0
5.146305092748242,-0.4612039456150985,0.0
4.1795850251751885,-1.823907641678213,0.0
-5.427860150227496,0.09691923584441847,0.0
0.04831545488239582,4.65445315035627,0.0
-4.924984871503096,-2.67363576713215,0.0
-3.829176262227716,2.0392713750288864,0.0
1.0971865584381624,3.8661827931302453,0.0
-4.048107249379546,2.113923604457411,0.0
-2.2491447948328314,-3.787015524885601,0.0
4.5295730103707585,2.204441440830643,0.0
-2.1935884017905942,3.7724165542982186,0.0
5.365460375352595,0.6243025178602767,0.0
-0.06766473051366645,-4.508822350320114,0.0
-3.4750835472962898,-4.125487538693089,0.0
4.769799195601532,1.944809775169731,0.0
5.835800184493101,-1.330063601876409,0.0
5.971107496019022,0.8972004199999339,0.0
-4.833523150068329,-3.1253416076114715,0.0
0.8452875695912178,-5.440948819051186,0.0
1.1981178207229717,-4.729374683534919,0.0
5.442874923692607,1.122670994253205,0.0
4.8572678870737,-3.2610720623115297,0.0
3.543700366429181,-2.033480191948181,0.0
-4.732654674709707,-1.9369226813508857,0.0
-4.400974308823399,0.5229806722535856,0.0
4.966477308099672,1.3941986747290014,0.0
-4.457342354178217,-1.8309530774122735,0.0
-4.301220722625621,2.788062972096815,0.0
0.7433371462146994,-5.0278484088252995,0.0
-4.890022158866715,3.4239677654950604,0.0
-2.0597744748629627,-4.650307834573953,0.0
4.643505244669576,3.463503420141749,0.0
3.1105364868420953,3.48604499858822,0.0
3.0707384895985754,3.725339072704747,0.0
4.6590832031891,1.4587625660056318,0.0
-4.3790058412598425,-1.1570168587276006,0.0
1.3105725818625746,-4.598845502676891,0.0
-4.028100587446396,-3.30912478202698,0.0
-4.54729145531336,-2.2858416889208004,0.0
-2.2474470948929803,-4.757048393816028,0.0
-2.518209772619365,4.068137425653194,0.0
-2.99675915995144,3.5865679888083215,0.0
-2.0699387743227944,4.829269751563401,0.0
-0.9942090103339305,-4.196705241982199,0.0
2.4327053736952036,3.820290571096525,0.0
4.013461194324584,0.3374666885065433,0.0
-3.3863941641483977,-2.320835792332884,0.0
4.204543576868145,-1.5572205787742526,0.0
-3.1140162760758296,-2.554520301603488,0.0
0.9659209396316197,-4.3890689262307045,0.0
-2.4736444472497774,-4.661261450119631,0.0
-4.097668048820866,0.023460120931720355,0.0
-0.9257114369833611,-4.692906839786916,0.0
2.590566394475448,-5.308362748695684,0.0
0.8975612711585482,5.585129090994332,0.0
-2.3877965479869356,3.949742962392581,0.0
0.9546749047514511,5.8202098725554805,0.0
-4.466598139127338,1.3973601903371982,0.0
3.1338991696645255,-2.7225951719432926,0.0
-3.3681777361024654,4.97597979150223,0.0
-4.025479256845806,4.112850280250794,0.0
3.151573471333399,-3.809245402466903,0.0
-5.388097107827925,-0.4626019530114178,0.0
-5.208915523618942,-1.2343484570320598,0.0
2.8177967391820946,-3.367895396612989,0.0
-4.380175217630976,0.3035476369238375,0.0
-2.0888433706280773,-4.439702118610696,0.0
4.9404054148656344,3.007539997362024,0.0
1.7740655428510363,3.6028744190424526,0.0
-4.60409769435054,3.190851736218019,0.0
-4.1043280315122175,0.09994752942633803,0.0
4.827936962835625,-0.9713341142041003,0.0
5.185998724759115,-0.9715834333474607,0.0
3.1686191018376193,-4.4003698131228886,0.0
-1.6976503897311146,3.7124448325379906,0.0
4.737867786226584,-1.0818240061451743,0.0
-1.952386363302013,-4.789871294648132,0.0
-3.2237441942632197,2.6731146632970364,0.0
-1.2562264927595013,-4.126777819048346,0.0
5.269275289773448,0.5540356341536115,0.0
3.001873008530686,3.95431987091843,0.0
2.196756060021962,-3.8175883915449282,0.0
-3.119660218227749,-3.9334405857870816,0.0
-3.7990660608870073,4.332305264498768,0.0
-3.934166629503522,0.012467093301653302,0.0
4.413489104218385,-2.9472102078743534,0.0
-2.8239286548565423,-3.05246219778552,0.0
-3.2222121869916345,2.422285907685988,0.0
3.0878390098171007,2.8928768800345295,0.0
-1.2711711854468113,4.746720908221542,0.0
5.581179035038395,-0.664160445832641,0.0
-4.2404069585518105,1.7523852155055484,0.0
-5.221467425295912,1.0454767113725065,0.0
-4.888187869461988,0.02252695451719564,0.0
3.38463024006353,-2.9539820742559173,0.0
-3.9879345554244874,-2.9835801650768077,0.0
-1.9281573450850096,-5.271175790288112,0.0
-4.392757712769506,3.557979213811331,0.0
5.525048038822868,0.9541077495446519,0.0
4.29220582146331,-1.8624705017179666,0.0
5.306028798400318,-1.7819987677556994,0.0
4.245840063894971,-1.3988608234981303,0.0
5.118287014408161,-1.9533004938602776,0.0
2.3382724951709486,-5.360803627602807,0.0
-1.5732195724882923,-3.7312518313379126,0.0
2.767550143913702,-4.069746810546856,0.0
-4.2335969991136215,-3.1123509298703507,0.0
3.574698914014752,3.9858760032969904,0.0
-3.343816537040559,2.7395041131094264,0.0
5.903399667651061,-0.9962086744076253,0.0
-3.109840625945126,4.230913645610087,0.0
2.8941724593799427,-3.1890910046245584,0.0
3.4347209142754833,2.244445548258358,0.0
-2.8417082828371165,4.786355983379711,0.0
-2.4334780098379007,3.4501359082194423,0.0
4.056069697115768,1.3235731319614845,0.0
3.681861486444031,3.5143124677929185,0.0
1.8766025930434922,4.884268909491777,0.0
2.678976630846139,-4.525881010097201,0.0
4.312977693609795,1.912110179857438,0.0
-1.64487309682393,5.288485401179567,0.0
5.962918019508612,0.39458428669948475,0.0
-1.5536226837118061,-4.263267772592146,0.0
-3.9264003677073904,-3.821806033800615,0.0
-3.716845448796116,-4.706937738485646,0.0
-3.7488731153649364,3.7834341364138178,0.0
1.4024625684545506,5.150854172415442,0.0
-0.8268775348359236,-4.430398904420863,0.0
1.900594771480436,-4.6635037559133234,0.0
3.326062518395068,3.920163649356746,0.0
-5.383224039522176,0.43564381811302155,0.0
-0.04533695064599271,5.930639988382993,0.0
2.1115036093396693,3.538405179317173,0.0
-0.346099617165768,-4.241783648600671,0.0
-4.101652309936923,-0.9934732489403655,0.0
1.1395614506348608,5.365762051602589,0.0
-1.5846905597616519,3.984758686879383,0.0
5.184143439622855,-1.1691007902348252,0.0
2.5935484761211027,-3.7726955920559297,0.0
3.556541919743506,-3.4175727353365226,0.0
-4.380223627448493,1.0610763122165667,0.0
-4.097803508281002,-3.9869005959154973,0.0
-3.72139001604932,3.717227248802127,0.0
5.204917438273143,2.765195299702226,0.0
-4.216268661859086,2.957707979735551,0.0
-3.566055808036366,-2.3556449765447356,0.0
-0.9731377681103425,4.270984551648325,0.0
3.4740330090191756,-4.850218972100012,0.0
3.2011031270045893,4.569255546094324,0.0
-2.760153280066455,3.002073860329599,0.0
3.797444831224793,3.8340259537308894,0.0
-3.993203238668382,2.793337652240504,0.0
4.496936467612196,1.212352801707826,0.0
-0.7171823172228065,4.167449796569783,0.0
-4.590729487595023,3.317075887489973,0.0
-4.073442373724323,0.6387325513176847,0.0
-4.405039443759636,-1.09709013680234,0.0
-0.7288072993750633,4.591204990281112,0.0
-4.404904710101508,-0.6418911961103884,0.0
-5.030335779081555,-0.3341234582907708,0.0
-1.5357025028500606,3.7915074877631025,0.0
2.2227261685341477,-3.9934895773795978,0.0
-5.643016452521044,-1.7019997641786804,0.0
-2.2828882509710375,4.00714831723194,0.0
4.482576873595499,-1.5182095699105351,0.0
2.816079779683207,-4.061858459427118,0.0
5.081311797988421,-0.6043824755947916,0.0
-1.9731535339712407,-5.282161471001316,0.0
-3.0758364498621282,2.9515780684417234,0.0
-1.0564039009650457,5.687845435157791,0.0
-2.7404141889299556,-4.734221179564761,0.0
5.3729548189562095,-0.6314340823682942,0.0
-2.8354046326445683,-2.911704921346982,0.0
2.935824341510776,-2.7267736395533384,0.0
-2.4560217499622383,4.554660193428546,0.0
-4.738615238327484,3.169954959366659,0.0
4.272685575799385,-2.8678362148331638,0.0
0.1953179470524253,-4.3600422488768364,0.0
4.198074714135656,-0.47170390526085,0.0
0.8012048860213237,-5.361185395785269,0.0
-5.077732785872698,1.7827473615047758,0.0
-4.331770521695152,-0.7812822986168085,0.0
3.386370740678482,-2.4405556062005362,0.0
-4.5151161153748,-1.4590780235673004,0.0
-0.17962664329396621,5.1807029667773445,0.0
-4.995358670510972,2.144170486955448,0.0
-5.615735864194172,-0.5247909356681013,0.0
4.27949606290414,2.9528214696384545,0.0
-0.1678344207134934,-4.170811352307575,0.0
4.210539147925854,3.3842358271370343,0.0
-4.8361412378669995,3.283516373750324,0.0
1.9654561645911577,-5.522159467172455,0.0
-5.666803173276874,1.1905405745891746,0.0
2.488875236950432,-3.9032921889719843,0.0
-3.011748053878556,4.690468508049327,0.0
5.449886367229843,-1.4404839270821954,0.0
1.290519580576838,5.250557064315725,0.0
4.476518037889496,1.0780071221986525,0.0
4.12439388040293,-4.23145568578886,0.0
0.026180214258447562,-4.960854974530326,0.0
0.5219843075978596,4.282138118466809,0.0
4.1412617136307315,-0.3849232526050402,0.0
-5.349295188632114,-0.047491351447593935,0.0
4.60662883068364,-1.3910979054015544,0.0
-4.104151228928782,-0.16263369482139162,0.0
-5.408016883833309,0.9571987259132287,0.0
-5.437275831798264,1.7752069648965443,0.0
-2.710517954959122,4.647160767080195,0.0
-4.321461575863098,-0.9350951225733147,0.0
-5.234750554176241,1.604686361470346,0.0
3.8988971296106287,0.9040025792851425,0.0
-0.2760095671899626,4.665767699276654,0.0
1.12192620139572,4.593884545797506,0.0
3.904536770823342,-4.13947887173849,0.0
-3.930232025703151,-2.7494857453330135,0.0
0.3477417007775148,-4.036123308809435,0.0
4.497670183364725,-1.3068674072075168,0.0
-3.1641084121664167,-4.034526210370558,0.0
5.907113486668731,-0.6829211363761276,0.0
-2.2026538986312403,5.497032202945809,0.0
1.7145166352099128,4.013875306134288,0.0
-3.5669557385690522,2.5528632254478576,0.0
-4.288416374544495,0.7584030015888265,0.0
4.364831213087863,-3.3733237872361714,0.0
-3.7289743328125873,-1.5114107579433476,0.0
-1.0563217038890569,4.057532189979245,0.0
-0.1544266778991695,-5.075840656012788,0.0
-4.452334989922966,-0.19792693771240885,0.0
2.196210685509372,3.4858472463194343,0.0
-4.1670698079282955,-2.1997830633016267,0.0
3.8621407223373008,-2.39809815505455,0.0
2.7092430887826184,-4.13205544546573,0.0
-5.092646170735281,-3.044394526014869,0.0
-3.1100254503266287,3.025639227591323,0.0
4.04805919441904,2.5022455891264106,0.0
-5.675859919963701,1.128132462967965,0.0
0.11631634195749169,-5.814702236747317,0.0
-3.104828584778053,3.6918737370877355,0.0
0.4892771433106439,5.405195106839077,0.0
3.7518509878047213,-1.672240071269348,0.0
2.3546327493245895,-4.851633900652396,0.0
-3.7872989128014423,-4.4779027274046,0.0
3.3459271967724638,3.7925620883124123,0.0
3.1891527979951477,3.9303134017778785,0.0
3.5460426307513355,2.663878404933728,0.0
-3.9125556721533377,-3.457538930165072,0.0
3.9079491054159177,3.4326332529305468,0.0
2.905363357873913,-4.434803962256525,0.0
3.9918333746214905,-0.1446993296528723,0.0
-3.337981755182881,3.7386656167454224,0.0
-4.921074404316826,1.5698992478641314,0.0
-1.0651785546049992,-4.331576558316452,0.0
4.090469163684367,-1.795006581054443,0.0
3.643231640369944,-2.810153669418743,0.0
5.114538185137799,2.0049005414523045,0.0
2.464598025331661,4.582376625070735,0.0
0.17655813604877943,-5.651596579091881,0.0
-1.7282063986615375,-4.254971432174725,0.0
3.9558770600514848,4.31774708588577,0.0
-5.4353984916578195,-0.14842701497384905,0.0
0.9875627538880698,-4.813492410002409,0.0
0.7608436337876193,4.11997553113582,0.0
3.0773382394126045,-3.199805995917079,0.0
5.644711779246769,1.949279811808979,0.0
0.8987720473976286,-4.495327942265968,0.0
-3.5555387907095644,-3.0203402714213583,0.0
-1.7175840001811484,4.033267550162274,0.0
-1.0469356072025162,-5.526468673215785,0.0
1.008674625963818,-4.498428391213263,0.0
4.279112988623626,-1.779348744167654,0.0
-3.2479188432565858,3.59216743291393,0.0
-1.9229854956801464,-4.526568922977701,0.0
-3.7749661561749988,-2.9570107812395374,0.0
-4.92689079128784,-0.7270935004623638,0.0
4.326188276114005,-3.628586252244873,0.0
5.597749375736576,0.2048964788150333,0.0
-1.1252210282564994,5.345274256947328,0.0
-4.130184089142378,-0.929809002383452,0.0
2.489727626138027,5.064937755347243,0.0
3.4591792633359932,-2.3140349273078535,0.0
-2.5563985790125345,-3.408515174819378,0.0
-5.808383241986877,0.9112030048740702,0.0
2.2468403524955725,-5.143865281380015,0.0
-4.8995456103651,1.5052589256313744,0.0
-5.330869148651836,-2.1573179161809692,0.0
5.93353420025094,0.11220213921261644,0.0
-3.471221782155143,3.901253441932838,0.0
3.394144369161108,3.925121338517784,0.0
-2.0148139436153087,-5.120796031774534,0.0
-4.459324129721859,0.5578934982275132,0.0
-1.3249202758968266,4.107539309752423,0.0
-5.402479413664204,1.1442241993205333,0.0
1.2140182614380974,4.614376585591456,0.0
3.88223295676093,-1.891087559911647,0.0
4.421956497926501,1.5040503177211606,0.0
3.18485675627233,-3.511847062300805,0.0
-5.905724085532781,-0.41973830929398576,0.0
-3.9181232004739934,-3.734249778589979,0.0
-1.632074725264468,4.807634717340204,0.0
5.747766014506224,-1.1405637744747803,0.0
-1.139106478408379,5.692017007636909,0.0
-4.247959224039256,-2.741732845841663,0.0
5.835574871621756,-0.23879944780641207,0.0
3.521477270133281,-3.328223917162775,0.0
-4.383199938956179,-0.9662628045340399,0.0
4.49001775155316,-0.24365089988847133,0.0
-1.6674181430931603,-5.086544935170102,0.0
1.3564427235571992,4.818111807629416,0.0
-4.421070687415921,2.9619948984709072,0.0
-2.7076370704385204,4.63313290568169,0.0
-2.224726033370635,3.3206604068447954,0.0
0.299240035312836,-4.168603854645122,0.0
-4.442308082347597,-2.5013214727801025,0.0
4.298359100941107,1.0195654083983259,0.0
3.7949549542851924,-3.6568993814818502,0.0
-1.5110634595890557,4.899576630445245,0.0
5.133163947297024,-0.07894147182077005,0.0
4.39877435373976,-1.3658886269277595,0.0
4.850445501340506,-2.010994381366517,0.0
2.2065502827311207,-5.276134695507479,0.0
1.175166442686623,5.914006025556483,0.0
-5.535391870506853,-1.1922344752959615,0.0
0.8111208043377423,5.030722768148552,0.0
-0.276380088761343,4.485120182940994,0.0
-4.073759325904788,-3.535356804240226,0.0
5.770884910026294,1.4531618439081904,0.0
4.3140116879379375,-0.7488725365483093,0.0
3.8797503480177555,-2.20878476324009,0.0
-3.0698906988155104,2.891751338220453,0.0
-5.537122456916778,-0.4711200266019533,0.0
-4.754902558069058,1.0196481813582,0.0
3.033682019799287,-2.799606178026485,0.0
-2.241582673370547,-5.317702983188876,0.0
-0.8432158227370755,5.002852596525931,0.0
-4.361694731994727,1.477533056314341,0.0
-4.257480445955016,2.0178754765501954,0.0
4.495781124129022,-1.2081973158673018,0.0
2.293441751700963,4.380579425044159,0.0
3.947453453394681,2.5117053007778907,0.0
3.705747959546005,-3.4312553685583307,0.0
4.531766181200693,-3.296799446688215,0.0
3.740034680386223,-3.879241353528725,0.0
-4.565187468010986,-0.29127576772767355,0.0
-2.6486106525719757,-4.241190003877958,0.0
-5.220907720880202,-2.1857729734830955,0.0
3.7235446584761487,1.724230129900108,0.0
-3.421527293458716,-2.405758112234945,0.0
5.1455804301663335,0.4618776287838222,0.0
-2.4955036224442213,4.617784016181166,0.0
4.0142011266167765,-1.838700352231003,0.0
-1.7596455367026889,5.049231676602193,0.0
4.893148418987351,-2.020487995583991,0.0
0.07238449445901893,5.8027197686303245,0.0
-1.6410972684138687,4.040695227295137,0.0
-3.81011515680658,-3.939033977532319,0.0
0.27574100547399155,-4.183867563372571,0.0
-5.144757720985494,-0.008267608886863557,0.0
3.899847401783121,-3.3996388893981226,0.0
4.718620507346311,1.1868889682621897,0.0
5.029024426181551,-2.7409736669570863,0.0
1.296466502268536,3.7723826806129424,0.0
3.7706945145167325,-3.3561896090326044,0.0
-3.589321589153086,2.5253028746202264,0.0
2.6641068558907017,-4.743429306615289,0.0
-1.926929357189827,-3.5871206083555154,0.0
2.6072196192693915,5.083242318010178,0.0
4.850191385152403,-2.7813886798260627,0.0
0.2008838189642845,5.699977094786374,0.0
0.22721372407868415,4.293252920738538,0.0
2.036356189422517,-4.828761050033614,0.0
3.254437578570473,2.4667820077182885,0.0
0.9611361690116722,5.579004594528317,0.0
-5.422442446768998,-0.05891521701842618,0.0
2.4367318554371495,-4.530992692601005,0.0
3.2640945470544693,4.4107319706282455,0.0
-4.033041507341205,-1.2668897056615191,0.0
-1.1845530788392105,-4.945583538286749,0.0
2.9766543248242607,-3.5068898394665147,0.0
5.461405302365385,-2.4162157487547944,0.0
1.165903340304636,-5.620225712099507,0.0
-3.113902157505693,-4.521390768462435,0.0
-5.343414072135171,2.3657939485835984,0.0
3.5657275767609815,2.9993471536592553,0.0
-1.3587547330100347,-5.537040736804431,0.0
4.567438862524304,-0.12229008057222528,0.0
-0.5649988749862571,-5.547793474069837,0.0
5.406151421425246,0.6008023593904325,0.0
-4.000064014822548,0.1377838625022862,0.0
-3.601830983154959,-3.087772173436001,0.0
-1.543538110174467,-3.7850962636195224,0.0
-1.085788184508013,-5.898271749313461,0.0
-3.9415006725215447,-1.5528676782139483,0.0
0.8661251511471407,4.9935335359914985,0.0
5.256170157730409,-2.043096929575353,0.0
-1.4691092051920909,-4.163380292011385,0.0
0.39154321323119445,4.877984486709636,0.0
-2.248487157663378,4.675644485222904,0.0
3.74369046875096,-2.097794951916393,0.0
4.118188372749435,-3.5991073094180237,0.0
-3.827513940668328,2.547365960629312,0.0
4.341117266861981,1.0686304119027474,0.0
-5.197326044675469,-8.555411354409866,1.0
-8.745573902631048,-7.298001164129129,1.0
-10.353322675532974,1.8263144626267969,1.0
-9.819421100381241,5.501403785460295,1.0
6.862426356748569,-5.903348375980645,1.0
0.33843655219750635,9.868033596098542,1.0
-9.029824746294617,6.764782277225545,1.0
-4.495196359240733,8.390485680378767,1.0
1.5152449654819737,-11.335568425529791,1.0
7.654638011340852,-4.359185660891853,1.0
6.566032069616916,-9.093109910912887,1.0
2.900170591046726,-9.32205526834781,1.0
8.672488547327156,-0.7487853043254009,1.0
-3.639613730157518,-10.431016324077216,1.0
0.02210946579834032,-9.21631172377694,1.0
8.472657124166117,-0.8340012162165332,1.0
8.937618187740684,0.367937475581433,1.0
-7.029819776136479,-7.797351341968109,1.0
-0.8075893860762071,-11.45445975824572,1.0
7.7335720048946754,-4.319095390210937,1.0
7.350178348532595,-6.546348274753189,1.0
4.980014338639463,-7.454221966167334,1.0
10.088860049853324,-3.562025444351592,1.0
-8.66365979468886,-2.0242258296261313,1.0
9.131070424042813,0.37719938155593924,1.0
9.132938580242598,0.6578698051203309,1.0
-9.817485441753918,-2.830734556631066,1.0
-10.175200145011305,4.404437351612006,1.0
-9.616167033918718,3.034435056379299,1.0
-6.965079025266393,5.063399802637871,1.0
8.9689934860079,-5.033095626099538,1.0
-6.983662695175868,8.41017875606678,1.0
5.452499790742401,-7.006331851463502,1.0
7.182866492587067,-4.942777531848769,1.0
-9.037726776440106,0.03714342347972619,1.0
-10.108118577168844,3.5315123398179304,1.0
0.6822338621094955,-10.323282951311342,1.0
-2.5425539249734737,-9.749738663264447,1.0
-4.374785031606805,8.171655522655541,1.0
7.5318004465632775,5.684395855255732,1.0
-1.0747478163025372,11.452313185481513,1.0
6.209055959806242,6.648651255596623,1.0
-3.028425979677407,10.804491244405513,1.0
-0.7930330754029775,10.248995863031269,1.0
-5.726943318709061,-6.725284093525213,1.0
9.476438640406775,-2.783837813533594,1.0
-4.487961995951542,-10.40592761012473,1.0
8.64230920899715,-4.295264764415168,1.0
2.390107108081323,-10.872396338078595,1.0
-1.219317567264456,-9.164925732562029,1.0
-8.805561888088809,5.241276228677096,1.0
-5.072787767079411,9.7809584070307,1.0
6.4449398006848115,-9.227671356487068,1.0
8.167121511501131,-5.604781160635948,1.0
-9.885530732406847,3.027346898557989,1.0
8.449928192168123,0.4573253118670682,1.0
2.3899556292854207,-8.970951268780187,1.0
-2.0281327002789045,9.161834103799672,1.0
8.71163207429549,0.5528161513569003,1.0
3.1275150207840445,-8.718073765595971,1.0
-9.389075847666431,-1.0667120935660233,1.0
-4.63757735608239,-10.430463607782523,1.0
9.114470965234558,-5.223523222224525,1.0
-9.450446783327752,-2.4836761316554776,1.0
-11.52650309120761,-0.18697583354759317,1.0
-2.315132274392623,8.70354264697567,1.0
-3.324833917020756,9.266002241932613,1.0
3.0400612477976616,-9.968620230913768,1.0
-8.156733793679262,2.743718145426123,1.0
5.472321981535124,9.10417424741136,1.0
7.307421947437477,4.880337478919669,1.0
-8.770699092164383,1.5452495677042029,1.0
-8.72750624207811,1.912579179858169,1.0
-6.3778134746903214,-9.166411456559468,1.0
-10.411731167118338,1.9129771621811449,1.0
6.488059677212931,8.147004000506474,1.0
-10.184772124455975,-0.5239319078505673,1.0
7.812853015729213,-5.197818373235721,1.0
5.618191369457946,8.850567874939681,1.0
-3.678662160144886,-9.08583935694206,1.0
-7.371340270248576,-4.975624409931159,1.0
-0.15087364652651655,-10.595266017800295,1.0
5.182146153881906,7.235764243491433,1.0
8.530390652852395,-3.280473695274612,1.0
-7.922388206538597,-7.603209420676287,1.0
6.020106659929174,-8.600468505726845,1.0
0.16253356202027952,10.375641762703255,1.0
-0.7006099836951818,-9.76264639051327,1.0
1.9241667498131747,-9.532209136373647,1.0
-8.48017206983022,6.4095869927204925,1.0
-8.019158630923856,7.12600965921832,1.0
-5.443236803826902,-8.45062558258767,1.0
9.446359578128687,6.294316628017408,1.0
-1.011888653521487,-11.31804241698743,1.0
9.388047593451303,2.5254106850326177,1.0
3.9973681885107193,10.288281649548427,1.0
-5.229244879761117,-8.64790103467541,1.0
8.151385901243286,5.884253430761679,1.0
8.475716721029091,-1.5054131139122777,1.0
6.94608009881453,-7.626279436720313,1.0
-7.889150459007247,-7.908603804431044,1.0
4.605886295954802,-9.879029358995318,1.0
8.249529692159678,-7.08728021307569,1.0
-0.5872386697914678,8.971692812609655,1.0
5.587679404584577,-7.698463261661529,1.0
3.1069280937008914,8.704359969786303,1.0
-8.031083585893173,4.939048103130406,1.0
-9.57872151597238,-3.680357088118643,1.0
-2.1719481575128494,-9.364857337277892,1.0
10.070619873584596,1.9341112863446503,1.0
-2.4460204048970966,9.49276637095316,1.0
-7.183951610517894,-5.854362599292004,1.0
-5.424901526460333,6.90306200467026,1.0
1.7056153091728423,-11.00808380696693,1.0
-4.894791544072914,-7.0822459702725,1.0
0.9084899294366837,8.470541631810285,1.0
6.755844127649577,8.709904473046219,1.0
-7.866352193115131,-8.32051447481933,1.0
-10.119799963169145,3.233146872632715,1.0
4.150833737927267,7.395381577726115,1.0
-4.280002738601445,8.166370109652235,1.0
-3.752359420504311,10.769425785891773,1.0
8.4164042404043,6.893823252574684,1.0
-9.693400847414154,-2.996651781588574,1.0
0.7747384914632157,-9.105938907804092,1.0
-7.535990279730269,-3.8507511763979623,1.0
3.887531775166584,-7.582685068295518,1.0
7.243848454825073,7.414945028650775,1.0
-7.898786958075119,3.4141428572871617,1.0
-8.937231240004994,-7.266008433198776,1.0
-3.976500794776342,-8.077510895156781,1.0
-3.496670912934409,-9.969087031810357,1.0
-1.1708389612537995,-8.815667282065334,1.0
-5.873061069613986,-8.303208613091433,1.0
7.275922790507015,4.8259957377712475,1.0
-3.6292278426197546,-10.20784863541768,1.0
-1.6576422781120352,-10.201431211857667,1.0
8.730548899361791,-0.3618446245095096,1.0
-3.7503135551284075,-10.323688632337337,1.0
-3.786589939808296,-9.353774429106386,1.0
-11.137885957009443,-1.0736580867504575,1.0
7.6172978232823185,-8.24428295051832,1.0
11.242408890649576,-0.21692408311340977,1.0
1.5450464276329074,-8.571181038857627,1.0
-6.77598217342061,-5.6982800177582895,1.0
10.053591813747921,5.450151205445533,1.0
-1.343350489042855,-9.753575769922461,1.0
-2.281844379212925,-8.926462525969304,1.0
1.7663128277898852,-10.569915264430637,1.0
6.541341643440694,6.503922170483251,1.0
-6.029490381845086,-8.760613599951776,1.0
-3.1322070578697576,10.528407389892402,1.0
0.5922604748058611,-10.774219213743786,1.0
0.5778353688582321,9.281186323875223,1.0
-3.953434471148193,-8.867216020168247,1.0
-2.757292650480073,9.32061662473393,1.0
9.945375912812544,0.6102097951802716,1.0
-6.0474759915860705,-6.723595541868308,1.0
7.462897515378173,6.522192730235437,1.0
-5.417373979152998,-8.496377247938604,1.0
8.918517493379394,-4.615895953016655,1.0
10.831737923684797,-2.05704898515598,1.0
0.8387505103622515,9.983128415342636,1.0
3.2961706901324477,-8.562978018389867,1.0
-6.369841534891975,8.3302257816876,1.0
8.824699506754401,-6.442420905026585,1.0
2.280299305564881,-9.200780906628909,1.0
9.343827258266542,4.73794742938177,1.0
-7.433259487335694,4.975899175723116,1.0
-4.954178962993932,8.13934308851136,1.0
2.4732748667443674,-10.898866860671841,1.0
-9.480420326914691,5.949424710670184,1.0
-4.182118070185115,-9.390673011192954,1.0
-8.497384674050583,-6.345448599912278,1.0
10.990823919700693,-1.6931446770775591,1.0
10.714632998147621,-4.346793624091102,1.0
-9.018735693510354,4.314784605019546,1.0
-1.661887255452926,-10.148769179437808,1.0
4.638062605443603,-8.516281806152238,1.0
7.117691433441596,-5.160183968533717,1.0
8.81918161060618,4.100389104478806,1.0
-3.4631116818663976,10.27315040284228,1.0
-4.731864898708733,9.833510189383565,1.0
-10.258277283862203,4.474984150881146,1.0
4.2025642114780215,7.607276861437218,1.0
-10.025114644572266,0.22873824735918674,1.0
-4.62967561714774,-7.502748756304901,1.0
-9.067808908532527,0.10043768269338665,1.0
-5.6525429684492865,-9.677234280079444,1.0
9.146036585278004,4.047036816863776,1.0
7.714562519295147,-7.510790211132791,1.0
7.999706699256658,-3.2369975470103434,1.0
-7.154405775899705,-6.493330858440413,1.0
7.704950479632076,-7.203366619532396,1.0
6.088215344577608,6.5495631982999,1.0
2.800574016387438,-9.050408009687546,1.0
6.358677185110251,5.9482099288134735,1.0
-8.785403217955526,5.670786461331895,1.0
-5.064452175114373,10.291170860049945,1.0
-9.368026646927767,-5.624313766675374,1.0
-3.660041013156355,10.77630711852332,1.0
-7.234310538456749,-8.384861464168145,1.0
-7.4067702915590585,8.174066447381186,1.0
6.488467039386747,-7.711883647445168,1.0
-6.767335368367682,-7.4428702000217415,1.0
2.0491669170152966,9.491143507516934,1.0
-5.663726471130532,9.383409635720326,1.0
5.131117959510382,-7.356180143537286,1.0
-6.652427069343211,5.721936681861321,1.0
-11.114697717476878,-2.6756748683022478,1.0
-5.016379296527349,-6.82025380281134,1.0
-6.654350193025696,9.340443596084643,1.0
-2.9325503568285747,10.215600901223485,1.0
-9.273744162051228,1.5128624851642871,1.0
2.3161640216875123,10.448912974501033,1.0
-2.3192817938539245,10.729386742726259,1.0
8.49506001710976,3.5669067925397613,1.0
-3.4885955036211835,10.287139426312965,1.0
-4.717279057384767,9.812310253441273,1.0
8.972009491387427,-2.2894544503400733,1.0
-7.224997650518734,-4.576664501546957,1.0
2.1116068046266605,-8.87454107432212,1.0
8.736885487003315,2.4913623851154885,1.0
6.805104216090324,5.391852470297925,1.0
4.198483282927355,-9.775723247232694,1.0
-6.859768579720044,-6.761501121115663,1.0
4.069335432783287,10.35573920882331,1.0
-7.6813500632254605,5.201594276492902,1.0
-9.608359600792854,-2.373240927470515,1.0
5.74931679944559,-8.763030259220045,1.0
10.269933149148553,4.117749238613491,1.0
-8.349656586977789,-5.819398152701222,1.0
-1.9635331561429883,-9.382005360077585,1.0
11.041045003925596,-1.615138979016949,1.0
3.3582319707324353,-8.778393745230632,1.0
-1.5525800487051764,8.599432435916803,1.0
-2.483328266346889,-9.546786281862923,1.0
0.8494731239288418,-10.802801999755715,1.0
-1.0838847440167962,-8.56608954578587,1.0
4.355002165723373,-9.263501690901638,1.0
8.488394972615305,-5.884414183413801,1.0
9.194302159433295,6.515292124295731,1.0
7.309075503704591,5.745727569492726,1.0
2.6352137095425254,-8.999461047132188,1.0
-0.14611083962251248,9.757142896869633,1.0
8.935073421761539,3.4539387233520946,1.0
-8.782432762832887,6.226170339813217,1.0
4.354738510673398,-9.428049358333645,1.0
7.547834153921655,7.7112677916097825,1.0
-5.2387564939263855,-9.66202646328416,1.0
11.182603769549848,0.28640319224033123,1.0
7.533520152544536,6.234587919917571,1.0
-6.806382522269864,9.130086744549455,1.0
7.869859324894649,4.4994766187475825,1.0
5.9968942487464805,-8.672267157963468,1.0
6.636914097846617,-7.6165259425506795,1.0
0.34720743012079214,-10.896482406911183,1.0
0.4725860469844994,9.901942531231697,1.0
-10.75528226390799,-1.582348329777426,1.0
4.545156411961857,10.316249095936161,1.0
-2.0448234003354964,10.614268353142798,1.0
-10.731612508025071,-1.0744411558445908,1.0
-0.7537238325352456,-8.689722522230348,1.0
7.591749702603023,5.024358488428045,1.0
-3.2917200183990567,11.033439132093834,1.0
9.453225810904238,-4.714907017127205,1.0
-9.210435289733296,4.424189395319427,1.0
8.857503320228954,-3.5548461894922108,1.0
8.620794457997327,-0.4893817891283974,1.0
-9.438065423571727,-1.5681855567654506,1.0
-2.403187842509586,9.682287425429598,1.0
2.312922143624383,-8.885733775336563,1.0
4.831908552397803,7.652561977998094,1.0
-0.11846144616205657,10.016511107655434,1.0
2.202627331114605,-9.986433699466046,1.0
-8.466988727498043,3.754007820956497,1.0
3.04272818834183,9.82198621208233,1.0
-6.494367087992369,-9.185984136028615,1.0
-1.0771254153104965,-9.8906574865366,1.0
7.804280541988091,7.816486743411925,1.0
-1.890298138006628,11.078521548500845,1.0
1.5547377569208174,8.656080614253435,1.0
-6.343941229463067,6.080606152205722,1.0
0.7890060862286574,-9.825469189121918,1.0
-2.329674399717571,-10.015564795669377,1.0
-5.177794032086262,-8.322986564709376,1.0
9.454617000166124,0.39655528962089415,1.0
6.4511252745883025,8.150849556006612,1.0
1.457777283031236,8.342897487148766,1.0
-1.529931852497446,11.386904370019439,1.0
5.610290797969127,7.363007084144338,1.0
-9.510274369675713,6.057531748235951,1.0
7.816408433121761,4.076488607183206,1.0
-0.038732321041211784,-9.187554659459186,1.0
2.237698930434716,-8.998672865062629,1.0
-10.188430314724673,-5.175380582404433,1.0
7.203015098535206,4.466032926084196,1.0
8.005599422444462,-6.616316455684797,1.0
10.919543661617011,-2.3884955768758043,1.0
3.066260414516903,10.047223187460249,1.0
-2.6844108964049123,-9.14121189023227,1.0
6.279120310099688,-9.552066769820792,1.0
-10.873849747326938,-2.7824504621625894,1.0
-4.316228166812941,8.781024424788173,1.0
-10.101354516414094,1.2806714068839258,1.0
-11.370670998654468,-0.8914199651960256,1.0
-9.337899018922666,6.567364395283595,1.0
8.87169013990881,-4.231794061087525,1.0
-0.4098081307482445,-10.991136322073622,1.0
0.4426438575826178,9.41425976362796,1.0
-8.252688492326147,-4.953342432312675,1.0
-3.3527969544115335,-8.33324830506728,1.0
5.860467823961704,6.984866388834528,1.0
-6.664016003814715,8.133255489396156,1.0
8.382746783133172,-5.463880152852738,1.0
-8.301875618765884,-3.6737062438894887,1.0
2.0193063761428944,9.503379457611887,1.0
6.84415945150933,6.714726230591485,1.0
-11.403402701885097,-1.3587820322248223,1.0
-10.57031488237847,-3.3047148327321567,1.0
-4.875165130103138,8.354275633374526,1.0
-7.672960613393,-8.241215413434348,1.0
8.668397462012647,4.030606958400723,1.0
6.425970109962241,8.383686448313926,1.0
-10.908238780724188,-3.2513692093676,1.0
8.9274915218677,3.6675059265820282,1.0
7.70723953802946,-7.254941956916969,1.0
5.857098288663333,7.350822861950974,1.0
-4.181898449221678,-8.313755827410155,1.0
-7.852398578456033,6.435403338505951,1.0
-9.216630729123935,6.783279816153556,1.0
0.9873037175965368,-9.764798933447405,1.0
-11.272923241162404,0.014906653898735932,1.0
-1.7039950472910754,-11.132264510499436,1.0
-9.331640307165994,-0.3369919964251614,1.0
-8.11140447203744,-5.409053061578005,1.0
0.6848799789007586,-10.438020657630348,1.0
-7.9107570760142965,-6.357498464100512,1.0
-6.6436810402497795,-5.802806415963143,1.0
2.8253055378151486,-11.114534974804767,1.0
10.228412382813708,-3.355016506813146,1.0
-7.0716834366204395,6.815953238937067,1.0
-9.199878598026121,-4.8829090668945305,1.0
7.564577810751914,4.523454600338992,1.0
-6.351135151809421,7.745097094361915,1.0
-9.603146724887733,5.920197005139161,1.0
5.700939477946533,-9.637503620545482,1.0
-9.453167876276297,-0.713934685922423,1.0
-1.2408047091644057,-10.001459094187462,1.0
10.521207556556652,1.360517955219036,1.0
-9.275651495977469,2.169783053898356,1.0
7.087688284232647,-4.967005418327513,1.0
1.6134845623403793,9.832437708443257,1.0
10.120678846291502,2.0573279954785577,1.0
-7.673197972153245,3.4391144280755297,1.0
-2.353460743820094,-8.512201691251898,1.0
-8.783008433614862,2.649234651527407,1.0
-9.359898267449628,2.3601102762464383,1.0
-4.857954669031902,-8.917761633978092,1.0
-0.24935677361495373,9.357233842810366,1.0
0.16381588048435153,-9.367705041949963,1.0
6.366349113783869,9.077916016822424,1.0
-7.082974105241094,5.431979640585012,1.0
-5.504303816884797,-8.208389162388787,1.0
5.433138299614759,-10.042374996543241,1.0
2.607390853771378,-9.940839433786373,1.0
-1.9258219653192712,-10.441056585587676,1.0
-6.205081448009137,7.601319516037298,1.0
6.159256279444246,5.9867155631686,1.0
2.14821426104903,10.213249093706079,1.0
6.8884120927136925,-7.740856066463499,1.0
5.564194413469125,-6.86969925162281,1.0
9.518244901761447,-3.045965444296889,1.0
10.017284956534697,5.182529480452582,1.0
-8.915170009150374,-2.05021801175728,1.0
-5.882587219126563,-7.961861821996074,1.0
-2.4220861637175437,-9.576564809389842,1.0
-6.736269157061342,-8.620764114783691,1.0
1.395560304653356,-10.955979317637238,1.0
-6.739903610143899,8.24968910980452,1.0
4.093777110297613,8.591577606033951,1.0
2.472857191138184,8.397084078929135,1.0
9.639152627133972,0.5934651780138167,1.0
-6.241379943493556,8.48066249958077,1.0
8.901265606250659,5.743703904112696,1.0
-4.995227375445059,10.250564452762045,1.0
-6.8265765021689395,-7.2047562840161925,1.0
8.155530328628883,-6.3792963858993295,1.0
5.452412725418083,-8.619620354020112,1.0
-0.14304115475585782,9.007212314805345,1.0
6.531977646586842,7.344938882501294,1.0
3.5902098339016715,9.488301535668933,1.0
11.17312540335282,-2.0578405509397926,1.0
-9.091882757645314,-2.924070679233501,1.0
4.650317842111802,10.428640928222315,1.0
5.484732271392678,-8.546246744101326,1.0
-7.259205952321817,5.663930494515328,1.0
7.294497321093112,-5.346658098442469,1.0
-0.6612526220871119,8.866751518298592,1.0
-7.7240614162226935,6.150504214684292,1.0
-8.500234677564107,-0.20666156086871104,1.0
7.736389797294188,-6.108487869815598,1.0
7.761567558335859,-8.372182598876847,1.0
-9.448176848785543,-4.725002474103418,1.0
1.8800451483730376,10.563492588767964,1.0
-7.297106391752596,5.013256811525474,1.0
9.825596556427874,-1.4967443045670137,1.0
-7.298984153006894,-5.816830975137887,1.0
2.133401601391188,-10.830214193513125,1.0
-8.543646379963326,2.8511141953623054,1.0
-9.670132983238602,-2.031339868560418,1.0
-9.236584097727299,4.392832554844662,1.0
-3.01363894412738,-9.492042569023875,1.0
6.4208817850855855,-8.842319041497893,1.0
-9.256397882982304,-0.42286341505881136,1.0
-9.586685862023964,1.107107652457143,1.0
-5.815489419707134,9.250874754267143,1.0
4.34226228687554,9.069647921362897,1.0
9.087390672203934,-3.654493737810234,1.0
-3.4557008735191848,7.808965505713327,1.0
3.4375148519117915,-10.20361392243501,1.0
-2.5104418728714375,-11.144792193972314,1.0
2.6596495785055896,-9.978727805441473,1.0
10.211670677774027,-4.255796579795982,1.0
-7.13836039587614,-7.046967905301834,1.0
7.35703757177352,-5.527251370178133,1.0
4.247321907677563,7.418247636651109,1.0
-7.2613489807550335,-7.503168244179972,1.0
1.3596100491727048,-9.88825173548157,1.0
-1.4581746747590238,10.747000882570683,1.0
-0.7089336492576533,-10.611087730093423,1.0
2.0753710647355432,-11.24930889767387,1.0
4.9956502041808,-8.772384558966976,1.0
-3.8271803630174217,8.985823926689969,1.0
-3.9042607246601366,-8.526758119648468,1.0
-3.2759669750299967,9.371287850081622,1.0
-0.7634661532954266,-11.088111397717114,1.0
-8.386647463884756,2.0101381293869136,1.0
-9.372195107528974,-6.532128223786883,1.0
-9.93336275635563,5.856770538541199,1.0
5.402471159323094,8.773375530908487,1.0
4.150752689700518,8.486822203734071,1.0
8.042446459450746,4.280569680334879,1.0
-6.881030574020676,-6.353855336460906,1.0
5.102898254428267,-6.9566526846240775,1.0
9.81943515241719,1.3951019154979194,1.0
7.869816944597467,3.538449058709251,1.0
-10.28475441690063,2.856733295306677,1.0
-0.7768807015590798,-9.574636081434678,1.0
4.918218930079513,7.629067332543926,1.0
-1.367491052139864,9.961053973661361,1.0
1.2530078606975523,11.34466451968956,1.0
-8.557755439820951,6.2288212191737635,1.0
1.5682246868465213,9.866483641225031,1.0
-6.585024636510088,8.65416481905657,1.0
-1.5269657710463278,-10.517877627024843,1.0
-8.531756846701647,-7.131972304552215,1.0
7.857303110645041,4.464110291567795,1.0
-7.22952177186997,-8.447178502485931,1.0
-9.395709173445171,1.4334337045591374,1.0
10.355112518556778,-4.52675024278573,1.0
-2.2625761946673895,9.076315508804193,1.0
-1.6773471936317805,-11.152184519909852,1.0
-1.2469764483231383,-11.329312232002664,1.0
1.646025302146806,8.795409628550358,1.0
9.329343541835202,-6.624109110391936,1.0
-8.80358768676888,0.4074925980654979,1.0
-3.821001022309785,-8.239292301892933,1.0
6.037689814228431,7.879897538462178,1.0
-0.5332488888574517,11.484404398713497,1.0
-8.538649056954704,-5.168513473791042,1.0
-4.252288332717056,9.139208149262398,1.0
-10.657358812773223,0.05964624496201287,1.0
-8.006052204163769,8.086357937991043,1.0
-6.8833915591417885,-8.351963272854823,1.0
-9.187767026381684,0.7595300753708822,1.0
9.378099794201653,0.29640858149890986,1.0
-5.106824016402729,-7.1015344563576415,1.0
-9.215266354927344,4.9231723373552905,1.0
-4.822697013672434,7.576491597790725,1.0
7.609665142209345,5.138804037481046,1.0
2.040403185163882,10.923244594029173,1.0
1.4778613979704853,9.232580240294993,1.0
9.309950568530915,-4.038196390953498,1.0
-8.875692165066562,4.063933139036854,1.0
8.434972756355874,2.3150715813362917,1.0
6.180100944763078,7.353875656487937,1.0
8.515736232597408,4.596092902320772,1.0
-9.599317860628128,-5.877232233486644,1.0
3.747434880098145,8.726126267558941,1.0
-9.651615820054008,0.1660884808582037,1.0
-7.485337378752117,7.856403958557783,1.0
3.592604743555582,-10.20276777679715,1.0
-4.65888757223651,9.801278966002128,1.0
-10.989064115862584,2.8710963086551375,1.0
-1.9460890665274542,-10.75682024309749,1.0
-8.940437810808595,3.9587923274443586,1.0
2.978756716502189,-10.598410099310017,1.0
-5.332167632815852,-8.71445038193339,1.0
-7.927093165179259,5.028435695776416,1.0
